{"cameraMode":{"drawMode":0,"name":"Shaded","section":"Shading Mode"},"sceneLighting":true,"audioPlay":false,"sceneViewState":{"m_AlwaysRefresh":false,"showFog":true,"showSkybox":true,"showFlares":true,"showImageEffects":true,"showParticleSystems":true,"showVisualEffectGraphs":true,"m_FxEnabled":true},"in2DMode":false,"pivot":{"x":7.719999313354492,"y":0.34999990463256838,"z":8.350000381469727},"rotation":{"x":0.032725345343351367,"y":0.9152420163154602,"z":-0.3943258821964264,"w":0.07595661282539368},"size":12.12435531616211,"orthographic":false}